{"error": false, "size": [1920, 1080], "name": "\u0411\u0430\u0445", "version": "0.1.10", "location": {"label": {"dice_roll": ["game/battle.rpy", 4], "battle": ["game/battle.rpy", 28], "win_screen": ["game/battle.rpy", 108], "start": ["game/script.rpy", 23]}, "define": {"gui.accent_color": ["game/gui.rpy", 26], "gui.idle_color": ["game/gui.rpy", 29], "gui.idle_small_color": ["game/gui.rpy", 33], "gui.hover_color": ["game/gui.rpy", 36], "gui.selected_color": ["game/gui.rpy", 40], "gui.insensitive_color": ["game/gui.rpy", 43], "gui.muted_color": ["game/gui.rpy", 47], "gui.hover_muted_color": ["game/gui.rpy", 48], "gui.text_color": ["game/gui.rpy", 51], "gui.interface_text_color": ["game/gui.rpy", 52], "gui.text_font": ["game/gui.rpy", 58], "gui.name_text_font": ["game/gui.rpy", 61], "gui.interface_text_font": ["game/gui.rpy", 64], "gui.text_size": ["game/gui.rpy", 67], "gui.name_text_size": ["game/gui.rpy", 70], "gui.interface_text_size": ["game/gui.rpy", 73], "gui.label_text_size": ["game/gui.rpy", 76], "gui.notify_text_size": ["game/gui.rpy", 79], "gui.title_text_size": ["game/gui.rpy", 82], "gui.main_menu_background": ["game/gui.rpy", 88], "gui.game_menu_background": ["game/gui.rpy", 89], "gui.textbox_height": ["game/gui.rpy", 98], "gui.textbox_yalign": ["game/gui.rpy", 102], "gui.name_xpos": ["game/gui.rpy", 107], "gui.name_ypos": ["game/gui.rpy", 108], "gui.name_xalign": ["game/gui.rpy", 112], "gui.namebox_width": ["game/gui.rpy", 114], "gui.namebox_height": ["game/gui.rpy", 115], "gui.namebox_borders": ["game/gui.rpy", 119], "gui.namebox_tile": ["game/gui.rpy", 123], "gui.dialogue_xpos": ["game/gui.rpy", 129], "gui.dialogue_ypos": ["game/gui.rpy", 130], "gui.dialogue_width": ["game/gui.rpy", 133], "gui.dialogue_text_xalign": ["game/gui.rpy", 137], "gui.button_width": ["game/gui.rpy", 146], "gui.button_height": ["game/gui.rpy", 147], "gui.button_borders": ["game/gui.rpy", 150], "gui.button_tile": ["game/gui.rpy", 154], "gui.button_text_font": ["game/gui.rpy", 157], "gui.button_text_size": ["game/gui.rpy", 160], "gui.button_text_idle_color": ["game/gui.rpy", 163], "gui.button_text_hover_color": ["game/gui.rpy", 164], "gui.button_text_selected_color": ["game/gui.rpy", 165], "gui.button_text_insensitive_color": ["game/gui.rpy", 166], "gui.button_text_xalign": ["game/gui.rpy", 170], "gui.radio_button_borders": ["game/gui.rpy", 179], "gui.check_button_borders": ["game/gui.rpy", 181], "gui.confirm_button_text_xalign": ["game/gui.rpy", 183], "gui.page_button_borders": ["game/gui.rpy", 185], "gui.quick_button_borders": ["game/gui.rpy", 187], "gui.quick_button_text_size": ["game/gui.rpy", 188], "gui.quick_button_text_idle_color": ["game/gui.rpy", 189], "gui.quick_button_text_selected_color": ["game/gui.rpy", 190], "gui.choice_button_width": ["game/gui.rpy", 203], "gui.choice_button_height": ["game/gui.rpy", 204], "gui.choice_button_tile": ["game/gui.rpy", 205], "gui.choice_button_borders": ["game/gui.rpy", 206], "gui.choice_button_text_font": ["game/gui.rpy", 207], "gui.choice_button_text_size": ["game/gui.rpy", 208], "gui.choice_button_text_xalign": ["game/gui.rpy", 209], "gui.choice_button_text_idle_color": ["game/gui.rpy", 210], "gui.choice_button_text_hover_color": ["game/gui.rpy", 211], "gui.choice_button_text_insensitive_color": ["game/gui.rpy", 212], "gui.slot_button_width": ["game/gui.rpy", 222], "gui.slot_button_height": ["game/gui.rpy", 223], "gui.slot_button_borders": ["game/gui.rpy", 224], "gui.slot_button_text_size": ["game/gui.rpy", 225], "gui.slot_button_text_xalign": ["game/gui.rpy", 226], "gui.slot_button_text_idle_color": ["game/gui.rpy", 227], "gui.slot_button_text_selected_idle_color": ["game/gui.rpy", 228], "gui.slot_button_text_selected_hover_color": ["game/gui.rpy", 229], "config.thumbnail_width": ["game/gui.rpy", 232], "config.thumbnail_height": ["game/gui.rpy", 233], "gui.file_slot_cols": ["game/gui.rpy", 236], "gui.file_slot_rows": ["game/gui.rpy", 237], "gui.navigation_xpos": ["game/gui.rpy", 247], "gui.skip_ypos": ["game/gui.rpy", 250], "gui.notify_ypos": ["game/gui.rpy", 253], "gui.choice_spacing": ["game/gui.rpy", 256], "gui.navigation_spacing": ["game/gui.rpy", 259], "gui.pref_spacing": ["game/gui.rpy", 262], "gui.pref_button_spacing": ["game/gui.rpy", 265], "gui.page_spacing": ["game/gui.rpy", 268], "gui.slot_spacing": ["game/gui.rpy", 271], "gui.main_menu_text_xalign": ["game/gui.rpy", 274], "gui.frame_borders": ["game/gui.rpy", 283], "gui.confirm_frame_borders": ["game/gui.rpy", 286], "gui.skip_frame_borders": ["game/gui.rpy", 289], "gui.notify_frame_borders": ["game/gui.rpy", 292], "gui.frame_tile": ["game/gui.rpy", 295], "gui.bar_size": ["game/gui.rpy", 307], "gui.scrollbar_size": ["game/gui.rpy", 308], "gui.slider_size": ["game/gui.rpy", 309], "gui.bar_tile": ["game/gui.rpy", 312], "gui.scrollbar_tile": ["game/gui.rpy", 313], "gui.slider_tile": ["game/gui.rpy", 314], "gui.bar_borders": ["game/gui.rpy", 317], "gui.scrollbar_borders": ["game/gui.rpy", 318], "gui.slider_borders": ["game/gui.rpy", 319], "gui.vbar_borders": ["game/gui.rpy", 322], "gui.vscrollbar_borders": ["game/gui.rpy", 323], "gui.vslider_borders": ["game/gui.rpy", 324], "gui.unscrollable": ["game/gui.rpy", 328], "config.history_length": ["game/gui.rpy", 336], "gui.history_height": ["game/gui.rpy", 340], "gui.history_name_xpos": ["game/gui.rpy", 344], "gui.history_name_ypos": ["game/gui.rpy", 345], "gui.history_name_width": ["game/gui.rpy", 346], "gui.history_name_xalign": ["game/gui.rpy", 347], "gui.history_text_xpos": ["game/gui.rpy", 350], "gui.history_text_ypos": ["game/gui.rpy", 351], "gui.history_text_width": ["game/gui.rpy", 352], "gui.history_text_xalign": ["game/gui.rpy", 353], "gui.nvl_borders": ["game/gui.rpy", 361], "gui.nvl_list_length": ["game/gui.rpy", 365], "gui.nvl_height": ["game/gui.rpy", 369], "gui.nvl_spacing": ["game/gui.rpy", 373], "gui.nvl_name_xpos": ["game/gui.rpy", 377], "gui.nvl_name_ypos": ["game/gui.rpy", 378], "gui.nvl_name_width": ["game/gui.rpy", 379], "gui.nvl_name_xalign": ["game/gui.rpy", 380], "gui.nvl_text_xpos": ["game/gui.rpy", 383], "gui.nvl_text_ypos": ["game/gui.rpy", 384], "gui.nvl_text_width": ["game/gui.rpy", 385], "gui.nvl_text_xalign": ["game/gui.rpy", 386], "gui.nvl_thought_xpos": ["game/gui.rpy", 390], "gui.nvl_thought_ypos": ["game/gui.rpy", 391], "gui.nvl_thought_width": ["game/gui.rpy", 392], "gui.nvl_thought_xalign": ["game/gui.rpy", 393], "gui.nvl_button_xpos": ["game/gui.rpy", 396], "gui.nvl_button_xalign": ["game/gui.rpy", 397], "gui.language": ["game/gui.rpy", 405], "config.narrator_menu": ["game/screens.rpy", 217], "quick_menu": ["game/screens.rpy", 277], "gui.history_allow_tags": ["game/screens.rpy", 871], "config.nvl_list_length": ["game/screens.rpy", 1293], "config.name": ["game/options.rpy", 15], "gui.show_name": ["game/options.rpy", 21], "config.version": ["game/options.rpy", 26], "gui.about": ["game/options.rpy", 31], "build.name": ["game/options.rpy", 39], "config.has_sound": ["game/options.rpy", 47], "config.has_music": ["game/options.rpy", 48], "config.has_voice": ["game/options.rpy", 49], "config.enter_transition": ["game/options.rpy", 74], "config.exit_transition": ["game/options.rpy", 75], "config.intra_transition": ["game/options.rpy", 80], "config.after_load_transition": ["game/options.rpy", 85], "config.end_game_transition": ["game/options.rpy", 90], "config.window": ["game/options.rpy", 107], "config.window_show_transition": ["game/options.rpy", 112], "config.window_hide_transition": ["game/options.rpy", 113], "config.save_directory": ["game/options.rpy", 144], "config.window_icon": ["game/options.rpy", 151], "e": ["game/script.rpy", 1], "g": ["game/script.rpy", 2], "p1": ["game/script.rpy", 3], "p2": ["game/script.rpy", 4], "p3": ["game/script.rpy", 5], "n": ["game/script.rpy", 6], "s": ["game/script.rpy", 7], "p": ["game/script.rpy", 8], "E": ["game/script.rpy", 9], "B": ["game/script.rpy", 10], "K": ["game/script.rpy", 11], "i": ["game/script.rpy", 12], "sosed": ["game/script.rpy", 13], "v": ["game/script.rpy", 14], "b": ["game/script.rpy", 15], "end": ["game/script.rpy", 17]}, "screen": {"say": ["game/screens.rpy", 98], "input": ["game/screens.rpy", 174], "choice": ["game/screens.rpy", 207], "quick_menu": ["game/screens.rpy", 1362], "navigation": ["game/screens.rpy", 297], "main_menu": ["game/screens.rpy", 337], "game_menu": ["game/screens.rpy", 392], "about": ["game/screens.rpy", 509], "save": ["game/screens.rpy", 550], "load": ["game/screens.rpy", 559], "file_slots": ["game/screens.rpy", 568], "preferences": ["game/screens.rpy", 671], "history": ["game/screens.rpy", 830], "help": ["game/screens.rpy", 923], "confirm": ["game/screens.rpy", 1050], "confirmbutton": ["game/screens.rpy", 1107], "skip_indicator": ["game/screens.rpy", 1145], "notify": ["game/screens.rpy", 1201], "nvl": ["game/screens.rpy", 1240], "nvl_dialogue": ["game/screens.rpy", 1272], "hp_bars": ["game/battle.rpy", 12]}, "transform": {"delayed_blink": ["game/screens.rpy", 1163], "notify_appear": ["game/screens.rpy", 1212], "page_button_left": ["game/animations.rpy", 2], "page_button_right": ["game/animations.rpy", 10], "button1": ["game/animations.rpy", 18], "button2": ["game/animations.rpy", 24], "button3": ["game/animations.rpy", 31], "button4": ["game/animations.rpy", 38], "button5": ["game/animations.rpy", 45], "button6": ["game/animations.rpy", 52]}, "callable": {}}, "build": {"directory_name": "Bah-0.1.10", "executable_name": "Bah", "include_update": false, "packages": [{"name": "pc", "formats": ["zip"], "file_lists": ["windows", "linux", "renpy", "all"], "description": "PC: Windows and Linux", "update": true, "dlc": false, "hidden": false}, {"name": "linux", "formats": ["tar.bz2"], "file_lists": ["linux", "linux_arm", "renpy", "all"], "description": "Linux", "update": true, "dlc": false, "hidden": false}, {"name": "mac", "formats": ["app-zip", "app-dmg"], "file_lists": ["mac", "renpy", "all"], "description": "Macintosh", "update": true, "dlc": false, "hidden": false}, {"name": "win", "formats": ["zip"], "file_lists": ["windows", "renpy", "all"], "description": "Windows", "update": true, "dlc": false, "hidden": false}, {"name": "market", "formats": ["bare-zip"], "file_lists": ["windows", "linux", "mac", "renpy", "all"], "description": "Windows, Mac, Linux for Markets", "update": true, "dlc": false, "hidden": false}, {"name": "steam", "formats": ["zip"], "file_lists": ["windows", "linux", "mac", "renpy", "all"], "description": "steam", "update": true, "dlc": false, "hidden": true}, {"name": "android", "formats": ["directory"], "file_lists": ["android", "all"], "description": "android", "update": false, "dlc": true, "hidden": true}, {"name": "ios", "formats": ["directory"], "file_lists": ["ios", "all"], "description": "ios", "update": false, "dlc": true, "hidden": true}, {"name": "web", "formats": ["zip"], "file_lists": ["web", "renpy", "all"], "description": "web", "update": false, "dlc": true, "hidden": true}], "archives": [["archive", ["all"]]], "documentation_patterns": ["*.html", "*.txt"], "base_patterns": [["*.py", null], ["*.sh", null], ["*.app/", null], ["*.dll", null], ["*.manifest", null], ["*.keystore", null], ["lib/", null], ["renpy/", null], ["update/", null], ["common/", null], ["update/", null], ["old-game/", null], ["icon.ico", null], ["icon.icns", null], ["project.json", null], ["log.txt", null], ["errors.txt", null], ["traceback.txt", null], ["image_cache.txt", null], ["text_overflow.txt", null], ["dialogue.txt", null], ["dialogue.tab", null], ["profile_screen.txt", null], ["files.txt", null], ["memory.txt", null], ["tmp/", null], ["game/saves/", null], ["game/bytecode.rpyb", null], ["archived/", null], ["launcherinfo.py", null], ["android.txt", null], ["game/presplash*.*", ["all"]], ["android.json", ["android"]], [".android.json", ["android"]], ["android-*.png", ["android"]], ["android-*.jpg", ["android"]], ["ouya_icon.png", null], ["ios-presplash.*", ["ios"]], ["ios-launchimage.png", null], ["ios-icon.png", null], ["web-presplash.png", ["web"]], ["web-presplash.jpg", ["web"]], ["web-presplash.webp", ["web"]], ["progressive_download.txt", ["web"]], ["steam_appid.txt", null], ["game/cache/bytecode-39.rpyb", ["all"]], ["game/cache/bytecode-311.rpyb", ["web"]], ["game/cache/bytecode-*.rpyb", null], ["**~", null], ["**.bak", null], ["**/.**", null], ["**/#**", null], ["**/thumbs.db", null], [".*", null], ["**", ["all"]]], "renpy_patterns": [["renpy/common/_compat/**", null], ["renpy/common/_roundrect/**", null], ["renpy/common/_outline/**", null], ["renpy/common/_theme**", null], ["lib/**/_ssl.*", null], ["renpy/**__pycache__/**.cpython-39.pyc", ["all"]], ["renpy/**__pycache__", ["all"]], ["**~", null], ["**/#*", null], ["**/.*", null], ["**.old", null], ["**.new", null], ["**.rpa", null], ["**/steam_appid.txt", null], ["renpy.py", ["all"]], ["renpy/", ["all"]], ["renpy/**.py", ["renpy"]], ["renpy/**.pxd", null], ["renpy/**.pxi", null], ["renpy/**.pyx", null], ["renpy/**.pyc", null], ["renpy/**.pyo", null], ["renpy/common/", ["all"]], ["renpy/common/_compat/**", ["renpy"]], ["renpy/common/**.rpy", ["renpy"]], ["renpy/common/**.rpym", ["renpy"]], ["renpy/common/_compat/**", ["renpy"]], ["renpy/common/**", ["all"]], ["renpy/**", ["all"]], ["lib/*/renpy", null], ["lib/*/renpy.exe", null], ["lib/*/pythonw.exe", null], ["lib/py2-*/", null], ["lib/py*-windows-i686/**", ["windows_i686"]], ["lib/py*-windows-x86_64/**", ["windows"]], ["lib/py*-linux-i686/**", ["linux_i686"]], ["lib/py*-linux-aarch64/**", ["linux_arm"]], ["lib/py*-linux-armv7l/**", ["linux_arm"]], ["lib/py*-linux-*/**", ["linux"]], ["lib/py*-mac-*/**", ["mac"]], ["lib/python2.*/**", null], ["lib/**", ["windows", "linux", "mac", "android", "ios"]], ["renpy.sh", ["linux", "mac"]]], "xbit_patterns": ["**.sh", "lib/py*-linux-*/*", "lib/py*-mac-*/*", "**.app/Contents/MacOS/*"], "version": "0.1.10", "display_name": "\u0411\u0430\u0445", "exclude_empty_directories": true, "allow_integrated_gpu": true, "renpy": false, "script_version": true, "destination": "Bah-0.1.10-dists", "itch_channels": [["*-all.zip", "win-osx-linux"], ["*-market.zip", "win-osx-linux"], ["*-pc.zip", "win-linux"], ["*-win.zip", "win"], ["*-mac.zip", "osx"], ["*-linux.tar.bz2", "linux"], ["*-release.apk", "android"]], "mac_info_plist": {}, "merge": [["linux_i686", "linux"], ["windows_i686", "windows"]], "include_i686": true, "change_icon_i686": true, "android_permissions": [], "_sdk_fonts": false}}